Workbook

Sheet Applicants_Raw
A1: Student_ID | B1: Name | C1: Department | D1: Student_Department | E1: Application_Date | F1: Standarad_Date | G1: Test_1_Score | H1: Test_2_Score | I1: Test_3_Score | J1: Weighted_Score | K1: Attendance_% | L1: Assignment_Completion_% | M1: Standard_Assignment_Completion_% | N1: Internship_Pref | O1: Required_Score | P1: Required_Attendance | Q1: Eligibility | R1: Allocation_Status
A2: S324 | B2: Imran Khan | C2: Electro | D2: =vlookup(C2,Dept_Lookup!A$1:B$17,2,false) -> Electronics | E2: 45866 | F2: =IFERROR(DATEVALUE(E2),DATE(RIGHT(E2,2)+2000,MID(E2,4,2),LEFT(E2,2))) -> 45866 | G2: 86 | H2: 96 | I2: 92 | J2: =G2*Scoring_Weights!B$2+H2*Scoring_Weights!B$3+I2*Scoring_Weights!B$4 -> 92.5 | K2: 0.95 | L2: 0.97 | M2: =if(L2>1,L2/100,L2) -> 0.97 | N2: Company A | O2: =vlookup(N2,Interview_Slots!$A$1:$D$5,3,false) -> 65 | P2: =vlookup(N2,Interview_Slots!$A$1:$D$5,4,false) -> 75 | Q2: =IF(AND(J2>=O2,K2>=P2/100),"Eligible","Not Eligible") -> Eligible | R2: yes
A3: S053 | B3: Sunita Singh | C3: Computer Science | D3: =vlookup(C3,Dept_Lookup!A$1:B$17,2,false) -> Computer Science | E3: 45866 | F3: =IFERROR(DATEVALUE(E3),DATE(RIGHT(E3,2)+2000,MID(E3,4,2),LEFT(E3,2))) -> 45866 | G3: 97 | H3: 81 | I3: 98 | J3: =G3*Scoring_Weights!B$2+H3*Scoring_Weights!B$3+I3*Scoring_Weights!B$4 -> 91.9 | K3: 0.86 | L3: 0.85 | M3: =if(L3>1,L3/100,L3) -> 0.85 | N3: Company A | O3: =vlookup(N3,Interview_Slots!$A$1:$D$5,3,false) -> 65 | P3: =vlookup(N3,Interview_Slots!$A$1:$D$5,4,false) -> 75 | Q3: =IF(AND(J3>=O3,K3>=P3/100),"Eligible","Not Eligible") -> Eligible | R3: yes
A4: S005 | B4: Anika Mukherjee | C4: ECE | D4: =vlookup(C4,Dept_Lookup!A$1:B$17,2,false) -> Electronics | E4: 45915 | F4: =IFERROR(DATEVALUE(E4),DATE(RIGHT(E4,2)+2000,MID(E4,4,2),LEFT(E4,2))) -> 45915 | G4: 78 | H4: 91 | I4: 96 | J4: =G4*Scoring_Weights!B$2+H4*Scoring_Weights!B$3+I4*Scoring_Weights!B$4 -> 91.55 | K4: 0.81 | L4: 0.73 | M4: =if(L4>1,L4/100,L4) -> 0.73 | N4: Company A | O4: =vlookup(N4,Interview_Slots!$A$1:$D$5,3,false) -> 65 | P4: =vlookup(N4,Interview_Slots!$A$1:$D$5,4,false) -> 75 | Q4: =IF(AND(J4>=O4,K4>=P4/100),"Eligible","Not Eligible") -> Eligible | R4: yes
A5: S110 | B5: Priti Sharma | C5: ECE | D5: =vlookup(C5,Dept_Lookup!A$1:B$17,2,false) -> Electronics | E5: 45882 | F5: =IFERROR(DATEVALUE(E5),DATE(RIGHT(E5,2)+2000,MID(E5,4,2),LEFT(E5,2))) -> 45882 | G5: 80 | H5: 87 | I5: 98 | J5: =G5*Scoring_Weights!B$2+H5*Scoring_Weights!B$3+I5*Scoring_Weights!B$4 -> 91.45 | K5: 0.94 | L5: 0.93 | M5: =if(L5>1,L5/100,L5) -> 0.93 | N5: Company A | O5: =vlookup(N5,Interview_Slots!$A$1:$D$5,3,false) -> 65 | P5: =vlookup(N5,Interview_Slots!$A$1:$D$5,4,false) -> 75 | Q5: =IF(AND(J5>=O5,K5>=P5/100),"Eligible","Not Eligible") -> Eligible | R5: yes
A6: S233 | B6: Nisha Kapoor | C6: Computer Science | D6: =vlookup(C6,Dept_Lookup!A$1:B$17,2,false) -> Computer Science | E6: 45893 | F6: =IFERROR(DATEVALUE(E6),DATE(RIGHT(E6,2)+2000,MID(E6,4,2),LEFT(E6,2))) -> 45893 | G6: 80 | H6: 87 | I6: 98 | J6: =G6*Scoring_Weights!B$2+H6*Scoring_Weights!B$3+I6*Scoring_Weights!B$4 -> 91.45 | K6: 0.78 | L6: 0.96 | M6: =if(L6>1,L6/100,L6) -> 0.96 | N6: Company A | O6: =vlookup(N6,Interview_Slots!$A$1:$D$5,3,false) -> 65 | P6: =vlookup(N6,Interview_Slots!$A$1:$D$5,4,false) -> 75 | Q6: =IF(AND(J6>=O6,K6>=P6/100),"Eligible","Not Eligible") -> Eligible | R6: yes
A7: S307 | B7: Tushar Kapoor | C7: Electronics | D7: =vlookup(C7,Dept_Lookup!A$1:B$17,2,false) -> Electronics | E7: 45865 | F7: =IFERROR(DATEVALUE(E7),DATE(RIGHT(E7,2)+2000,MID(E7,4,2),LEFT(E7,2))) -> 45865 | G7: 68 | H7: 90 | I7: 98 | J7: =G7*Scoring_Weights!B$2+H7*Scoring_Weights!B$3+I7*Scoring_Weights!B$4 -> 90.7 | K7: 0.84 | L7: 0.9 | M7: =if(L7>1,L7/100,L7) -> 0.9 | N7: Company A | O7: =vlookup(N7,Interview_Slots!$A$1:$D$5,3,false) -> 65 | P7: =vlookup(N7,Interview_Slots!$A$1:$D$5,4,false) -> 75 | Q7: =IF(AND(J7>=O7,K7>=P7/100),"Eligible","Not Eligible") -> Eligible | R7: yes
A8: S323 | B8: Priyanka Verma | C8: Mechanical Engg | D8: =vlookup(C8,Dept_Lookup!A$1:B$17,2,false) -> Mechanical | E8: 45921 | F8: =IFERROR(DATEVALUE(E8),DATE(RIGHT(E8,2)+2000,MID(E8,4,2),LEFT(E8,2))) -> 45921 | G8: 92 | H8: 81 | I8: 97 | J8: =G8*Scoring_Weights!B$2+H8*Scoring_Weights!B$3+I8*Scoring_Weights!B$4 -> 90.65 | K8: 0.84 | L8: 0.82 | M8: =if(L8>1,L8/100,L8) -> 0.82 | N8: Company A | O8: =vlookup(N8,Interview_Slots!$A$1:$D$5,3,false) -> 65 | P8: =vlookup(N8,Interview_Slots!$A$1:$D$5,4,false) -> 75 | Q8: =IF(AND(J8>=O8,K8>=P8/100),"Eligible","Not Eligible") -> Eligible | R8: yes
A9: S045 | B9: Ritu Mehta | C9: Mech | D9: =vlookup(C9,Dept_Lookup!A$1:B$17,2,false) -> Mechanical | E9: 45915 | F9: =IFERROR(DATEVALUE(E9),DATE(RIGHT(E9,2)+2000,MID(E9,4,2),LEFT(E9,2))) -> 45915 | G9: 77 | H9: 93 | I9: 92 | J9: =G9*Scoring_Weights!B$2+H9*Scoring_Weights!B$3+I9*Scoring_Weights!B$4 -> 90.1 | K9: 0.87 | L9: 0.8 | M9: =if(L9>1,L9/100,L9) -> 0.8 | N9: Company A | O9: =vlookup(N9,Interview_Slots!$A$1:$D$5,3,false) -> 65 | P9: =vlookup(N9,Interview_Slots!$A$1:$D$5,4,false) -> 75 | Q9: =IF(AND(J9>=O9,K9>=P9/100),"Eligible","Not Eligible") -> Eligible | R9: yes
A10: S427 | B10: Farah Khan | C10: CSE | D10: =vlookup(C10,Dept_Lookup!A$1:B$17,2,false) -> Computer Science | E10: 45900 | F10: =IFERROR(DATEVALUE(E10),DATE(RIGHT(E10,2)+2000,MID(E10,4,2),LEFT(E10,2))) -> 45900 | G10: 88 | H10: 92 | I10: 88 | J10: =G10*Scoring_Weights!B$2+H10*Scoring_Weights!B$3+I10*Scoring_Weights!B$4 -> 89.4 | K10: 0.9 | L10: 0.97 | M10: =if(L10>1,L10/100,L10) -> 0.97 | N10: Company A | O10: =vlookup(N10,Interview_Slots!$A$1:$D$5,3,false) -> 65 | P10: =vlookup(N10,Interview_Slots!$A$1:$D$5,4,false) -> 75 | Q10: =IF(AND(J10>=O10,K10>=P10/100),"Eligible","Not Eligible") -> Eligible | R10: yes
A11: S056 | B11: Bhavna Das | C11: CIV | D11: =vlookup(C11,Dept_Lookup!A$1:B$17,2,false) -> Civil | E11: 45855 | F11: =IFERROR(DATEVALUE(E11),DATE(RIGHT(E11,2)+2000,MID(E11,4,2),LEFT(E11,2))) -> 45855 | G11: 82 | H11: 80 | I11: 97 | J11: =G11*Scoring_Weights!B$2+H11*Scoring_Weights!B$3+I11*Scoring_Weights!B$4 -> 88.8 | K11: 0.87 | L11: 0.73 | M11: =if(L11>1,L11/100,L11) -> 0.73 | N11: Company A | O11: =vlookup(N11,Interview_Slots!$A$1:$D$5,3,false) -> 65 | P11: =vlookup(N11,Interview_Slots!$A$1:$D$5,4,false) -> 75 | Q11: =IF(AND(J11>=O11,K11>=P11/100),"Eligible","Not Eligible") -> Eligible | R11: yes
A12: S243 | B12: Ishwari Rao | C12: ELEC | D12: =vlookup(C12,Dept_Lookup!A$1:B$17,2,false) -> Electronics | E12: 45878 | F12: =IFERROR(DATEVALUE(E12),DATE(RIGHT(E12,2)+2000,MID(E12,4,2),LEFT(E12,2))) -> 45878 | G12: 82 | H12: 95 | I12: 86 | J12: =G12*Scoring_Weights!B$2+H12*Scoring_Weights!B$3+I12*Scoring_Weights!B$4 -> 88.55 | K12: 0.79 | L12: 0.83 | M12: =if(L12>1,L12/100,L12) -> 0.83 | N12: Company A | O12: =vlookup(N12,Interview_Slots!$A$1:$D$5,3,false) -> 65 | P12: =vlookup(N12,Interview_Slots!$A$1:$D$5,4,false) -> 75 | Q12: =IF(AND(J12>=O12,K12>=P12/100),"Eligible","Not Eligible") -> Eligible | R12: yes
A13: S300 | B13: Sandeep Nair | C13: ECE | D13: =vlookup(C13,Dept_Lookup!A$1:B$17,2,false) -> Electronics | E13: 45929 | F13: =IFERROR(DATEVALUE(E13),DATE(RIGHT(E13,2)+2000,MID(E13,4,2),LEFT(E13,2))) -> 45929 | G13: 61 | H13: 95 | I13: 91 | J13: =G13*Scoring_Weights!B$2+H13*Scoring_Weights!B$3+I13*Scoring_Weights!B$4 -> 87.9 | K13: 0.85 | L13: 1 | M13: =if(L13>1,L13/100,L13) -> 1 | N13: Company A | O13: =vlookup(N13,Interview_Slots!$A$1:$D$5,3,false) -> 65 | P13: =vlookup(N13,Interview_Slots!$A$1:$D$5,4,false) -> 75 | Q13: =IF(AND(J13>=O13,K13>=P13/100),"Eligible","Not Eligible") -> Eligible | R13: yes
... A15: S067 | B15: Arvind Sharma | C15: CS | D15: =vlookup(C15,Dept_Lookup!A$1:B$17,2,false) -> Computer Science | E15: 45887 | F15: =IFERROR(DATEVALUE(E15),DATE(RIGHT(E15,2)+2000,MID(E15,4,2),LEFT(E15,2))) -> 45887 | G15: 72 | H15: 88 | I15: 92 | J15: =G15*Scoring_Weights!B$2+H15*Scoring_Weights!B$3+I15*Scoring_Weights!B$4 -> 87.6 | K15: 0.9 | L15: 0.84 | M15: =if(L15>1,L15/100,L15) -> 0.84 | N15: Company A | O15: =vlookup(N15,Interview_Slots!$A$1:$D$5,3,false) -> 65 | P15: =vlookup(N15,Interview_Slots!$A$1:$D$5,4,false) -> 75 | Q15: =IF(AND(J15>=O15,K15>=P15/100),"Eligible","Not Eligible") -> Eligible | R15: yes
A16: S024 | B16: Vihaan Singh | C16: Mech | D16: =vlookup(C16,Dept_Lookup!A$1:B$17,2,false) -> Mechanical | E16: 45872 | F16: =IFERROR(DATEVALUE(E16),DATE(RIGHT(E16,2)+2000,MID(E16,4,2),LEFT(E16,2))) -> 45872 | G16: 87 | H16: 77 | I16: 95 | J16: =G16*Scoring_Weights!B$2+H16*Scoring_Weights!B$3+I16*Scoring_Weights!B$4 -> 87.5 | K16: 0.72 | L16: 0.99 | M16: =if(L16>1,L16/100,L16) -> 0.99 | N16: Company A | O16: =vlookup(N16,Interview_Slots!$A$1:$D$5,3,false) -> 65 | P16: =vlookup(N16,Interview_Slots!$A$1:$D$5,4,false) -> 75 | Q16: =IF(AND(J16>=O16,K16>=P16/100),"Eligible","Not Eligible") -> Not Eligible
A17: S343 | B17: Niranjan Gupta | C17: Electronics | D17: =vlookup(C17,Dept_Lookup!A$1:B$17,2,false) -> Electronics | E17: 45902 | F17: =IFERROR(DATEVALUE(E17),DATE(RIGHT(E17,2)+2000,MID(E17,4,2),LEFT(E17,2))) -> 45902 | G17: 94 | H17: 92 | I17: 82 | J17: =G17*Scoring_Weights!B$2+H17*Scoring_Weights!B$3+I17*Scoring_Weights!B$4 -> 87.3 | K17: 0.76 | L17: 0.8 | M17: =if(L17>1,L17/100,L17) -> 0.8 | N17: Company A | O17: =vlookup(N17,Interview_Slots!$A$1:$D$5,3,false) -> 65 | P17: =vlookup(N17,Interview_Slots!$A$1:$D$5,4,false) -> 75 | Q17: =IF(AND(J17>=O17,K17>=P17/100),"Eligible","Not Eligible") -> Eligible | R17: yes
A18: S036 | B18: Aisha Khan | C18: Computer Science | D18: =vlookup(C18,Dept_Lookup!A$1:B$17,2,false) -> Computer Science | E18: 45900 | F18: =IFERROR(DATEVALUE(E18),DATE(RIGHT(E18,2)+2000,MID(E18,4,2),LEFT(E18,2))) -> 45900 | G18: 64 | H18: 86 | I18: 95 | J18: =G18*Scoring_Weights!B$2+H18*Scoring_Weights!B$3+I18*Scoring_Weights!B$4 -> 87.2 | K18: 0.76 | L18: 0.8 | M18: =if(L18>1,L18/100,L18) -> 0.8 | N18: Company A | O18: =vlookup(N18,Interview_Slots!$A$1:$D$5,3,false) -> 65 | P18: =vlookup(N18,Interview_Slots!$A$1:$D$5,4,false) -> 75 | Q18: =IF(AND(J18>=O18,K18>=P18/100),"Eligible","Not Eligible") -> Eligible | R18: yes
A19: S288 | B19: Pooja Singh | C19: Mechanical Engg | D19: =vlookup(C19,Dept_Lookup!A$1:B$17,2,false) -> Mechanical | E19: 45860 | F19: =IFERROR(DATEVALUE(E19),DATE(RIGHT(E19,2)+2000,MID(E19,4,2),LEFT(E19,2))) -> 45860 | G19: 93 | H19: 77 | I19: 92 | J19: =G19*Scoring_Weights!B$2+H19*Scoring_Weights!B$3+I19*Scoring_Weights!B$4 -> 86.9 | K19: 0.84 | L19: 0.76 | M19: =if(L19>1,L19/100,L19) -> 0.76 | N19: Company A | O19: =vlookup(N19,Interview_Slots!$A$1:$D$5,3,false) -> 65 | P19: =vlookup(N19,Interview_Slots!$A$1:$D$5,4,false) -> 75 | Q19: =IF(AND(J19>=O19,K19>=P19/100),"Eligible","Not Eligible") -> Eligible | R19: yes
A20: S022 | B20: Devendra Patel | C20: Electro | D20: =vlookup(C20,Dept_Lookup!A$1:B$17,2,false) -> Electronics | E20: 45900 | F20: =IFERROR(DATEVALUE(E20),DATE(RIGHT(E20,2)+2000,MID(E20,4,2),LEFT(E20,2))) -> 45900 | G20: 73 | H20: 95 | I20: 85 | J20: =G20*Scoring_Weights!B$2+H20*Scoring_Weights!B$3+I20*Scoring_Weights!B$4 -> 86.7 | K20: 0.89 | L20: 0.93 | M20: =if(L20>1,L20/100,L20) -> 0.93 | N20: Company A | O20: =vlookup(N20,Interview_Slots!$A$1:$D$5,3,false) -> 65 | P20: =vlookup(N20,Interview_Slots!$A$1:$D$5,4,false) -> 75 | Q20: =IF(AND(J20>=O20,K20>=P20/100),"Eligible","Not Eligible") -> Eligible | R20: yes
A21: S416 | B21: Nitin Bhatia | C21: CSE | D21: =vlookup(C21,Dept_Lookup!A$1:B$17,2,false) -> Computer Science | E21: 45854 | F21: =IFERROR(DATEVALUE(E21),DATE(RIGHT(E21,2)+2000,MID(E21,4,2),LEFT(E21,2))) -> 45854 | G21: 69 | H21: 81 | I21: 96 | J21: =G21*Scoring_Weights!B$2+H21*Scoring_Weights!B$3+I21*Scoring_Weights!B$4 -> 86.7 | K21: 0.8 | L21: 0.82 | M21: =if(L21>1,L21/100,L21) -> 0.82 | N21: Company A | O21: =vlookup(N21,Interview_Slots!$A$1:$D$5,3,false) -> 65 | P21: =vlookup(N21,Interview_Slots!$A$1:$D$5,4,false) -> 75 | Q21: =IF(AND(J21>=O21,K21>=P21/100),"Eligible","Not Eligible") -> Eligible | R21: yes
A22: S411 | B22: Lokesh Reddy | C22: ME | D22: =vlookup(C22,Dept_Lookup!A$1:B$17,2,false) -> Mechanical | E22: 45889 | F22: =IFERROR(DATEVALUE(E22),DATE(RIGHT(E22,2)+2000,MID(E22,4,2),LEFT(E22,2))) -> 45889 | G22: 97 | H22: 80 | I22: 88 | J22: =G22*Scoring_Weights!B$2+H22*Scoring_Weights!B$3+I22*Scoring_Weights!B$4 -> 86.55 | K22: 0.84 | L22: 0.77 | M22: =if(L22>1,L22/100,L22) -> 0.77 | N22: Company A | O22: =vlookup(N22,Interview_Slots!$A$1:$D$5,3,false) -> 65 | P22: =vlookup(N22,Interview_Slots!$A$1:$D$5,4,false) -> 75 | Q22: =IF(AND(J22>=O22,K22>=P22/100),"Eligible","Not Eligible") -> Eligible | R22: yes
A23: S318 | B23: Yuvraj Choudhury | C23: CS | D23: =vlookup(C23,Dept_Lookup!A$1:B$17,2,false) -> Computer Science | E23: 45842 | F23: =IFERROR(DATEVALUE(E23),DATE(RIGHT(E23,2)+2000,MID(E23,4,2),LEFT(E23,2))) -> 45842 | G23: 73 | H23: 97 | I23: 83 | J23: =G23*Scoring_Weights!B$2+H23*Scoring_Weights!B$3+I23*Scoring_Weights!B$4 -> 86.4 | K23: 0.8 | L23: 0.89 | M23: =if(L23>1,L23/100,L23) -> 0.89 | N23: Company A | O23: =vlookup(N23,Interview_Slots!$A$1:$D$5,3,false) -> 65 | P23: =vlookup(N23,Interview_Slots!$A$1:$D$5,4,false) -> 75 | Q23: =IF(AND(J23>=O23,K23>=P23/100),"Eligible","Not Eligible") -> Eligible | R23: yes
A24: S172 | B24: Nilesh Mehta | C24: Mechanical Engg | D24: =vlookup(C24,Dept_Lookup!A$1:B$17,2,false) -> Mechanical | E24: 45875 | F24: =IFERROR(DATEVALUE(E24),DATE(RIGHT(E24,2)+2000,MID(E24,4,2),LEFT(E24,2))) -> 45875 | G24: 98 | H24: 83 | I24: 85 | J24: =G24*Scoring_Weights!B$2+H24*Scoring_Weights!B$3+I24*Scoring_Weights!B$4 -> 86.25 | K24: 0.89 | L24: 0.78 | M24: =if(L24>1,L24/100,L24) -> 0.78 | N24: Company A | O24: =vlookup(N24,Interview_Slots!$A$1:$D$5,3,false) -> 65 | P24: =vlookup(N24,Interview_Slots!$A$1:$D$5,4,false) -> 75 | Q24: =IF(AND(J24>=O24,K24>=P24/100),"Eligible","Not Eligible") -> Eligible | R24: yes
A25: S152 | B25: Seema Gupta | C25: Mechanical Engg | D25: =vlookup(C25,Dept_Lookup!A$1:B$17,2,false) -> Mechanical | E25: 45867 | F25: =IFERROR(DATEVALUE(E25),DATE(RIGHT(E25,2)+2000,MID(E25,4,2),LEFT(E25,2))) -> 45867 | G25: 95 | H25: 79 | I25: 88 | J25: =G25*Scoring_Weights!B$2+H25*Scoring_Weights!B$3+I25*Scoring_Weights!B$4 -> 85.9 | K25: 0.86 | L25: 0.82 | M25: =if(L25>1,L25/100,L25) -> 0.82 | N25: Company A | O25: =vlookup(N25,Interview_Slots!$A$1:$D$5,3,false) -> 65 | P25: =vlookup(N25,Interview_Slots!$A$1:$D$5,4,false) -> 75 | Q25: =IF(AND(J25>=O25,K25>=P25/100),"Eligible","Not Eligible") -> Eligible | R25: yes
A26: S059 | B26: Rameshwar Das | C26: Computer Science | D26: =vlookup(C26,Dept_Lookup!A$1:B$17,2,false) -> Computer Science | E26: 45913 | F26: =IFERROR(DATEVALUE(E26),DATE(RIGHT(E26,2)+2000,MID(E26,4,2),LEFT(E26,2))) -> 45913 | G26: 63 | H26: 85 | I26: 93 | J26: =G26*Scoring_Weights!B$2+H26*Scoring_Weights!B$3+I26*Scoring_Weights!B$4 -> 85.7 | K26: 0.82 | L26: 0.81 | M26: =if(L26>1,L26/100,L26) -> 0.81 | N26: Company A | O26: =vlookup(N26,Interview_Slots!$A$1:$D$5,3,false) -> 65 | P26: =vlookup(N26,Interview_Slots!$A$1:$D$5,4,false) -> 75 | Q26: =IF(AND(J26>=O26,K26>=P26/100),"Eligible","Not Eligible") -> Eligible | R26: yes
A27: S125 | B27: Lalit Verma | C27: Civil Engg | D27: =vlookup(C27,Dept_Lookup!A$1:B$17,2,false) -> Civil | E27: 45866 | F27: =IFERROR(DATEVALUE(E27),DATE(RIGHT(E27,2)+2000,MID(E27,4,2),LEFT(E27,2))) -> 45866 | G27: 98 | H27: 66 | I27: 95 | J27: =G27*Scoring_Weights!B$2+H27*Scoring_Weights!B$3+I27*Scoring_Weights!B$4 -> 85.3 | K27: 0.91 | L27: 1 | M27: =if(L27>1,L27/100,L27) -> 1 | N27: Company A | O27: =vlookup(N27,Interview_Slots!$A$1:$D$5,3,false) -> 65 | P27: =vlookup(N27,Interview_Slots!$A$1:$D$5,4,false) -> 75 | Q27: =IF(AND(J27>=O27,K27>=P27/100),"Eligible","Not Eligible") -> Eligible | R27: yes
A28: S137 | B28: Vaidehi Nair | C28: Computer Science | D28: =vlookup(C28,Dept_Lookup!A$1:B$17,2,false) -> Computer Science | E28: 45871 | F28: =IFERROR(DATEVALUE(E28),DATE(RIGHT(E28,2)+2000,MID(E28,4,2),LEFT(E28,2))) -> 45871 | G28: 98 | H28: 66 | I28: 95 | J28: =G28*Scoring_Weights!B$2+H28*Scoring_Weights!B$3+I28*Scoring_Weights!B$4 -> 85.3 | K28: 0.91 | L28: 1 | M28: =if(L28>1,L28/100,L28) -> 1 | N28: Company A | O28: =vlookup(N28,Interview_Slots!$A$1:$D$5,3,false) -> 65 | P28: =vlookup(N28,Interview_Slots!$A$1:$D$5,4,false) -> 75 | Q28: =IF(AND(J28>=O28,K28>=P28/100),"Eligible","Not Eligible") -> Eligible | R28: yes
... A30: S227 | B30: Asha Malhotra | C30: Electro | D30: =vlookup(C30,Dept_Lookup!A$1:B$17,2,false) -> Electronics | E30: 45893 | F30: =IFERROR(DATEVALUE(E30),DATE(RIGHT(E30,2)+2000,MID(E30,4,2),LEFT(E30,2))) -> 45893 | G30: 66 | H30: 78 | I30: 95 | J30: =G30*Scoring_Weights!B$2+H30*Scoring_Weights!B$3+I30*Scoring_Weights!B$4 -> 84.7 | K30: 0.87 | L30: 0.94 | M30: =if(L30>1,L30/100,L30) -> 0.94 | N30: Company A | O30: =vlookup(N30,Interview_Slots!$A$1:$D$5,3,false) -> 65 | P30: =vlookup(N30,Interview_Slots!$A$1:$D$5,4,false) -> 75 | Q30: =IF(AND(J30>=O30,K30>=P30/100),"Eligible","Not Eligible") -> Eligible | R30: yes
A31: S120 | B31: Ajith Iyer | C31: CIV | D31: =vlookup(C31,Dept_Lookup!A$1:B$17,2,false) -> Civil | E31: 29/08/25 | F31: =IFERROR(DATEVALUE(E31),DATE(RIGHT(E31,2)+2000,MID(E31,4,2),LEFT(E31,2))) -> 45898 | G31: 70 | H31: 94 | I31: 82 | J31: =G31*Scoring_Weights!B$2+H31*Scoring_Weights!B$3+I31*Scoring_Weights!B$4 -> 84.4 | K31: 0.83 | L31: 0.86 | M31: =if(L31>1,L31/100,L31) -> 0.86 | N31: Company A | O31: =vlookup(N31,Interview_Slots!$A$1:$D$5,3,false) -> 65 | P31: =vlookup(N31,Interview_Slots!$A$1:$D$5,4,false) -> 75 | Q31: =IF(AND(J31>=O31,K31>=P31/100),"Eligible","Not Eligible") -> Eligible | R31: yes
A32: S105 | B32: Monika Gupta | C32: ME | D32: =vlookup(C32,Dept_Lookup!A$1:B$17,2,false) -> Mechanical | E32: 45870 | F32: =IFERROR(DATEVALUE(E32),DATE(RIGHT(E32,2)+2000,MID(E32,4,2),LEFT(E32,2))) -> 45870 | G32: 76 | H32: 97 | I32: 78 | J32: =G32*Scoring_Weights!B$2+H32*Scoring_Weights!B$3+I32*Scoring_Weights!B$4 -> 84.35 | K32: 0.83 | L32: 0.91 | M32: =if(L32>1,L32/100,L32) -> 0.91 | N32: Company A | O32: =vlookup(N32,Interview_Slots!$A$1:$D$5,3,false) -> 65 | P32: =vlookup(N32,Interview_Slots!$A$1:$D$5,4,false) -> 75 | Q32: =IF(AND(J32>=O32,K32>=P32/100),"Eligible","Not Eligible") -> Eligible | R32: yes
A33: S133 | B33: Varun Shetty | C33: Electro | D33: =vlookup(C33,Dept_Lookup!A$1:B$17,2,false) -> Electronics | E33: 45900 | F33: =IFERROR(DATEVALUE(E33),DATE(RIGHT(E33,2)+2000,MID(E33,4,2),LEFT(E33,2))) -> 45900 | G33: 85 | H33: 80 | I33: 87 | J33: =G33*Scoring_Weights!B$2+H33*Scoring_Weights!B$3+I33*Scoring_Weights!B$4 -> 84.25 | K33: 0.83 | L33: 0.96 | M33: =if(L33>1,L33/100,L33) -> 0.96 | N33: Company A | O33: =vlookup(N33,Interview_Slots!$A$1:$D$5,3,false) -> 65 | P33: =vlookup(N33,Interview_Slots!$A$1:$D$5,4,false) -> 75 | Q33: =IF(AND(J33>=O33,K33>=P33/100),"Eligible","Not Eligible") -> Eligible | R33: yes
A34: S009 | B34: Vihaan Singh | C34: Mech | D34: =vlookup(C34,Dept_Lookup!A$1:B$17,2,false) -> Mechanical | E34: 45874 | F34: =IFERROR(DATEVALUE(E34),DATE(RIGHT(E34,2)+2000,MID(E34,4,2),LEFT(E34,2))) -> 45874 | G34: 77 | H34: 90 | I34: 82 | J34: =G34*Scoring_Weights!B$2+H34*Scoring_Weights!B$3+I34*Scoring_Weights!B$4 -> 84.05 | K34: 0.79 | L34: 0.84 | M34: =if(L34>1,L34/100,L34) -> 0.84 | N34: Company A | O34: =vlookup(N34,Interview_Slots!$A$1:$D$5,3,false) -> 65 | P34: =vlookup(N34,Interview_Slots!$A$1:$D$5,4,false) -> 75 | Q34: =IF(AND(J34>=O34,K34>=P34/100),"Eligible","Not Eligible") -> Eligible | R34: yes
A35: S375 | B35: Kavitha Nair | C35: Electronics | D35: =vlookup(C35,Dept_Lookup!A$1:B$17,2,false) -> Electronics | E35: 45900 | F35: =IFERROR(DATEVALUE(E35),DATE(RIGHT(E35,2)+2000,MID(E35,4,2),LEFT(E35,2))) -> 45900 | G35: 62 | H35: 79 | I35: 94 | J35: =G35*Scoring_Weights!B$2+H35*Scoring_Weights!B$3+I35*Scoring_Weights!B$4 -> 83.95 | K35: 0.81 | L35: 0.79 | M35: =if(L35>1,L35/100,L35) -> 0.79 | N35: Company A | O35: =vlookup(N35,Interview_Slots!$A$1:$D$5,3,false) -> 65 | P35: =vlookup(N35,Interview_Slots!$A$1:$D$5,4,false) -> 75 | Q35: =IF(AND(J35>=O35,K35>=P35/100),"Eligible","Not Eligible") -> Eligible | R35: yes
A36: S066 | B36: Tejas Malhotra | C36: Comp Sci | D36: =vlookup(C36,Dept_Lookup!A$1:B$17,2,false) -> Computer Science | E36: 45882 | F36: =IFERROR(DATEVALUE(E36),DATE(RIGHT(E36,2)+2000,MID(E36,4,2),LEFT(E36,2))) -> 45882 | G36: 90 | H36: 69 | I36: 92 | J36: =G36*Scoring_Weights!B$2+H36*Scoring_Weights!B$3+I36*Scoring_Weights!B$4 -> 83.65 | K36: 0.87 | L36: 0.96 | M36: =if(L36>1,L36/100,L36) -> 0.96 | N36: Company A | O36: =vlookup(N36,Interview_Slots!$A$1:$D$5,3,false) -> 65 | P36: =vlookup(N36,Interview_Slots!$A$1:$D$5,4,false) -> 75 | Q36: =IF(AND(J36>=O36,K36>=P36/100),"Eligible","Not Eligible") -> Eligible | R36: yes
A37: S079 | B37: Deepak Verma | C37: CE | D37: =vlookup(C37,Dept_Lookup!A$1:B$17,2,false) -> Civil | E37: 45900 | F37: =IFERROR(DATEVALUE(E37),DATE(RIGHT(E37,2)+2000,MID(E37,4,2),LEFT(E37,2))) -> 45900 | G37: 94 | H37: 84 | I37: 80 | J37: =G37*Scoring_Weights!B$2+H37*Scoring_Weights!B$3+I37*Scoring_Weights!B$4 -> 83.5 | K37: 0.95 | L37: 0.76 | M37: =if(L37>1,L37/100,L37) -> 0.76 | N37: Company A | O37: =vlookup(N37,Interview_Slots!$A$1:$D$5,3,false) -> 65 | P37: =vlookup(N37,Interview_Slots!$A$1:$D$5,4,false) -> 75 | Q37: =IF(AND(J37>=O37,K37>=P37/100),"Eligible","Not Eligible") -> Eligible | R37: yes
A38: S333 | B38: Kiran Joshi | C38: Civil | D38: =vlookup(C38,Dept_Lookup!A$1:B$17,2,false) -> Civil | E38: 45854 | F38: =IFERROR(DATEVALUE(E38),DATE(RIGHT(E38,2)+2000,MID(E38,4,2),LEFT(E38,2))) -> 45854 | G38: 83 | H38: 73 | I38: 91 | J38: =G38*Scoring_Weights!B$2+H38*Scoring_Weights!B$3+I38*Scoring_Weights!B$4 -> 83.5 | K38: 0.87 | L38: 0.97 | M38: =if(L38>1,L38/100,L38) -> 0.97 | N38: Company A | O38: =vlookup(N38,Interview_Slots!$A$1:$D$5,3,false) -> 65 | P38: =vlookup(N38,Interview_Slots!$A$1:$D$5,4,false) -> 75 | Q38: =IF(AND(J38>=O38,K38>=P38/100),"Eligible","Not Eligible") -> Eligible | R38: yes
A39: S026 | B39: Pranav Kulkarni | C39: Mech | D39: =vlookup(C39,Dept_Lookup!A$1:B$17,2,false) -> Mechanical | E39: 45895 | F39: =IFERROR(DATEVALUE(E39),DATE(RIGHT(E39,2)+2000,MID(E39,4,2),LEFT(E39,2))) -> 45895 | G39: 92 | H39: 92 | I39: 75 | J39: =G39*Scoring_Weights!B$2+H39*Scoring_Weights!B$3+I39*Scoring_Weights!B$4 -> 83.5 | K39: 0.82 | L39: 0.81 | M39: =if(L39>1,L39/100,L39) -> 0.81 | N39: Company A | O39: =vlookup(N39,Interview_Slots!$A$1:$D$5,3,false) -> 65 | P39: =vlookup(N39,Interview_Slots!$A$1:$D$5,4,false) -> 75 | Q39: =IF(AND(J39>=O39,K39>=P39/100),"Eligible","Not Eligible") -> Eligible | R39: yes
A40: S040 | B40: Kavya Iyer | C40: Electronics | D40: =vlookup(C40,Dept_Lookup!A$1:B$17,2,false) -> Electronics | E40: 45869 | F40: =IFERROR(DATEVALUE(E40),DATE(RIGHT(E40,2)+2000,MID(E40,4,2),LEFT(E40,2))) -> 45869 | G40: 97 | H40: 70 | I40: 88 | J40: =G40*Scoring_Weights!B$2+H40*Scoring_Weights!B$3+I40*Scoring_Weights!B$4 -> 83.05 | K40: 0.92 | L40: 0.89 | M40: =if(L40>1,L40/100,L40) -> 0.89 | N40: Company A | O40: =vlookup(N40,Interview_Slots!$A$1:$D$5,3,false) -> 65 | P40: =vlookup(N40,Interview_Slots!$A$1:$D$5,4,false) -> 75 | Q40: =IF(AND(J40>=O40,K40>=P40/100),"Eligible","Not Eligible") -> Eligible | R40: yes
A41: S221 | B41: Abhay Gupta | C41: Electro | D41: =vlookup(C41,Dept_Lookup!A$1:B$17,2,false) -> Electronics | E41: 45865 | F41: =IFERROR(DATEVALUE(E41),DATE(RIGHT(E41,2)+2000,MID(E41,4,2),LEFT(E41,2))) -> 45865 | G41: 97 | H41: 70 | I41: 88 | J41: =G41*Scoring_Weights!B$2+H41*Scoring_Weights!B$3+I41*Scoring_Weights!B$4 -> 83.05 | K41: 0.92 | L41: 0.89 | M41: =if(L41>1,L41/100,L41) -> 0.89 | N41: Company A | O41: =vlookup(N41,Interview_Slots!$A$1:$D$5,3,false) -> 65 | P41: =vlookup(N41,Interview_Slots!$A$1:$D$5,4,false) -> 75 | Q41: =IF(AND(J41>=O41,K41>=P41/100),"Eligible","Not Eligible") -> Eligible | R41: yes
A42: S382 | B42: Harini Reddy | C42: Mechanical Engg | D42: =vlookup(C42,Dept_Lookup!A$1:B$17,2,false) -> Mechanical | E42: 45900 | F42: =IFERROR(DATEVALUE(E42),DATE(RIGHT(E42,2)+2000,MID(E42,4,2),LEFT(E42,2))) -> 45900 | G42: 77 | H42: 84 | I42: 84 | J42: =G42*Scoring_Weights!B$2+H42*Scoring_Weights!B$3+I42*Scoring_Weights!B$4 -> 82.95 | K42: 0.81 | L42: 0.91 | M42: =if(L42>1,L42/100,L42) -> 0.91 | N42: Company A | O42: =vlookup(N42,Interview_Slots!$A$1:$D$5,3,false) -> 65 | P42: =vlookup(N42,Interview_Slots!$A$1:$D$5,4,false) -> 75 | Q42: =IF(AND(J42>=O42,K42>=P42/100),"Eligible","Not Eligible") -> Eligible | R42: yes
A43: S058 | B43: Anjana Nair | C43: Civil | D43: =vlookup(C43,Dept_Lookup!A$1:B$17,2,false) -> Civil | E43: 45874 | F43: =IFERROR(DATEVALUE(E43),DATE(RIGHT(E43,2)+2000,MID(E43,4,2),LEFT(E43,2))) -> 45874 | G43: 83 | H43: 77 | I43: 87 | J43: =G43*Scoring_Weights!B$2+H43*Scoring_Weights!B$3+I43*Scoring_Weights!B$4 -> 82.9 | K43: 0.91 | L43: 0.8 | M43: =if(L43>1,L43/100,L43) -> 0.8 | N43: Company A | O43: =vlookup(N43,Interview_Slots!$A$1:$D$5,3,false) -> 65 | P43: =vlookup(N43,Interview_Slots!$A$1:$D$5,4,false) -> 75 | Q43: =IF(AND(J43>=O43,K43>=P43/100),"Eligible","Not Eligible") -> Eligible | R43: yes
... A45: S083 | B45: Archana Shetty | C45: CSE | D45: =vlookup(C45,Dept_Lookup!A$1:B$17,2,false) -> Computer Science | E45: 45913 | F45: =IFERROR(DATEVALUE(E45),DATE(RIGHT(E45,2)+2000,MID(E45,4,2),LEFT(E45,2))) -> 45913 | G45: 88 | H45: 68 | I45: 90 | J45: =G45*Scoring_Weights!B$2+H45*Scoring_Weights!B$3+I45*Scoring_Weights!B$4 -> 82 | K45: 0.76 | L45: 0.98 | M45: =if(L45>1,L45/100,L45) -> 0.98 | N45: Company A | O45: =vlookup(N45,Interview_Slots!$A$1:$D$5,3,false) -> 65 | P45: =vlookup(N45,Interview_Slots!$A$1:$D$5,4,false) -> 75 | Q45: =IF(AND(J45>=O45,K45>=P45/100),"Eligible","Not Eligible") -> Eligible | R45: yes
A46: S102 | B46: Malini Rao | C46: ELEC | D46: =vlookup(C46,Dept_Lookup!A$1:B$17,2,false) -> Electronics | E46: 29/08/25 | F46: =IFERROR(DATEVALUE(E46),DATE(RIGHT(E46,2)+2000,MID(E46,4,2),LEFT(E46,2))) -> 45898 | G46: 70 | H46: 81 | I46: 86 | J46: =G46*Scoring_Weights!B$2+H46*Scoring_Weights!B$3+I46*Scoring_Weights!B$4 -> 81.85 | K46: 0.82 | L46: 0.97 | M46: =if(L46>1,L46/100,L46) -> 0.97 | N46: Company A | O46: =vlookup(N46,Interview_Slots!$A$1:$D$5,3,false) -> 65 | P46: =vlookup(N46,Interview_Slots!$A$1:$D$5,4,false) -> 75 | Q46: =IF(AND(J46>=O46,K46>=P46/100),"Eligible","Not Eligible") -> Eligible | R46: yes
A47: S364 | B47: Namrata Malhotra | C47: CE | D47: =vlookup(C47,Dept_Lookup!A$1:B$17,2,false) -> Civil | E47: 45878 | F47: =IFERROR(DATEVALUE(E47),DATE(RIGHT(E47,2)+2000,MID(E47,4,2),LEFT(E47,2))) -> 45878 | G47: 95 | H47: 75 | I47: 82 | J47: =G47*Scoring_Weights!B$2+H47*Scoring_Weights!B$3+I47*Scoring_Weights!B$4 -> 81.5 | K47: 0.89 | L47: 0.99 | M47: =if(L47>1,L47/100,L47) -> 0.99 | N47: Company A | O47: =vlookup(N47,Interview_Slots!$A$1:$D$5,3,false) -> 65 | P47: =vlookup(N47,Interview_Slots!$A$1:$D$5,4,false) -> 75 | Q47: =IF(AND(J47>=O47,K47>=P47/100),"Eligible","Not Eligible") -> Eligible | R47: yes
A48: S440 | B48: Shyam Sharma | C48: ME | D48: =vlookup(C48,Dept_Lookup!A$1:B$17,2,false) -> Mechanical | E48: 45842 | F48: =IFERROR(DATEVALUE(E48),DATE(RIGHT(E48,2)+2000,MID(E48,4,2),LEFT(E48,2))) -> 45842 | G48: 90 | H48: 62 | I48: 92 | J48: =G48*Scoring_Weights!B$2+H48*Scoring_Weights!B$3+I48*Scoring_Weights!B$4 -> 81.2 | K48: 0.82 | L48: 0.99 | M48: =if(L48>1,L48/100,L48) -> 0.99 | N48: Company A | O48: =vlookup(N48,Interview_Slots!$A$1:$D$5,3,false) -> 65 | P48: =vlookup(N48,Interview_Slots!$A$1:$D$5,4,false) -> 75 | Q48: =IF(AND(J48>=O48,K48>=P48/100),"Eligible","Not Eligible") -> Eligible | R48: yes
A49: S338 | B49: Ajinkya Patel | C49: Computer Science | D49: =vlookup(C49,Dept_Lookup!A$1:B$17,2,false) -> Computer Science | E49: 45865 | F49: =IFERROR(DATEVALUE(E49),DATE(RIGHT(E49,2)+2000,MID(E49,4,2),LEFT(E49,2))) -> 45865 | G49: 72 | H49: 94 | I49: 75 | J49: =G49*Scoring_Weights!B$2+H49*Scoring_Weights!B$3+I49*Scoring_Weights!B$4 -> 81.2 | K49: 0.93 | L49: 0.93 | M49: =if(L49>1,L49/100,L49) -> 0.93 | N49: Company A | O49: =vlookup(N49,Interview_Slots!$A$1:$D$5,3,false) -> 65 | P49: =vlookup(N49,Interview_Slots!$A$1:$D$5,4,false) -> 75 | Q49: =IF(AND(J49>=O49,K49>=P49/100),"Eligible","Not Eligible") -> Eligible | R49: yes
A50: S393 | B50: Sumathi Rao | C50: Electro | D50: =vlookup(C50,Dept_Lookup!A$1:B$17,2,false) -> Electronics | E50: 45880 | F50: =IFERROR(DATEVALUE(E50),DATE(RIGHT(E50,2)+2000,MID(E50,4,2),LEFT(E50,2))) -> 45880 | G50: 55 | H50: 71 | I50: 92 | J50: =G50*Scoring_Weights!B$2+H50*Scoring_Weights!B$3+I50*Scoring_Weights!B$4 -> 79.1 | K50: 0.82 | L50: 0.81 | M50: =if(L50>1,L50/100,L50) -> 0.81 | N50: Company A | O50: =vlookup(N50,Interview_Slots!$A$1:$D$5,3,false) -> 65 | P50: =vlookup(N50,Interview_Slots!$A$1:$D$5,4,false) -> 75 | Q50: =IF(AND(J50>=O50,K50>=P50/100),"Eligible","Not Eligible") -> Eligible | R50: yes
A51: S027 | B51: Karan Singh | C51: ME | D51: =vlookup(C51,Dept_Lookup!A$1:B$17,2,false) -> Mechanical | E51: 45893 | F51: =IFERROR(DATEVALUE(E51),DATE(RIGHT(E51,2)+2000,MID(E51,4,2),LEFT(E51,2))) -> 45893 | G51: 69 | H51: 73 | I51: 86 | J51: =G51*Scoring_Weights!B$2+H51*Scoring_Weights!B$3+I51*Scoring_Weights!B$4 -> 78.9 | K51: 0.85 | L51: 0.84 | M51: =if(L51>1,L51/100,L51) -> 0.84 | N51: Company A | O51: =vlookup(N51,Interview_Slots!$A$1:$D$5,3,false) -> 65 | P51: =vlookup(N51,Interview_Slots!$A$1:$D$5,4,false) -> 75 | Q51: =IF(AND(J51>=O51,K51>=P51/100),"Eligible","Not Eligible") -> Eligible | R51: yes
A52: S337 | B52: Pranesh Rao | C52: CS | D52: =vlookup(C52,Dept_Lookup!A$1:B$17,2,false) -> Computer Science | E52: 45870 | F52: =IFERROR(DATEVALUE(E52),DATE(RIGHT(E52,2)+2000,MID(E52,4,2),LEFT(E52,2))) -> 45870 | G52: 82 | H52: 66 | I52: 87 | J52: =G52*Scoring_Weights!B$2+H52*Scoring_Weights!B$3+I52*Scoring_Weights!B$4 -> 78.9 | K52: 0.81 | L52: 0.94 | M52: =if(L52>1,L52/100,L52) -> 0.94 | N52: Company A | O52: =vlookup(N52,Interview_Slots!$A$1:$D$5,3,false) -> 65 | P52: =vlookup(N52,Interview_Slots!$A$1:$D$5,4,false) -> 75 | Q52: =IF(AND(J52>=O52,K52>=P52/100),"Eligible","Not Eligible") -> Eligible | R52: yes
A53: S220 | B53: Om Nair | C53: ECE | D53: =vlookup(C53,Dept_Lookup!A$1:B$17,2,false) -> Electronics | E53: 45913 | F53: =IFERROR(DATEVALUE(E53),DATE(RIGHT(E53,2)+2000,MID(E53,4,2),LEFT(E53,2))) -> 45913 | G53: 57 | H53: 85 | I53: 81 | J53: =G53*Scoring_Weights!B$2+H53*Scoring_Weights!B$3+I53*Scoring_Weights!B$4 -> 78.8 | K53: 0.86 | L53: 0.83 | M53: =if(L53>1,L53/100,L53) -> 0.83 | N53: Company A | O53: =vlookup(N53,Interview_Slots!$A$1:$D$5,3,false) -> 65 | P53: =vlookup(N53,Interview_Slots!$A$1:$D$5,4,false) -> 75 | Q53: =IF(AND(J53>=O53,K53>=P53/100),"Eligible","Not Eligible") -> Eligible | R53: yes
A54: S439 | B54: Prakash Das | C54: CE | D54: =vlookup(C54,Dept_Lookup!A$1:B$17,2,false) -> Civil | E54: 45842 | F54: =IFERROR(DATEVALUE(E54),DATE(RIGHT(E54,2)+2000,MID(E54,4,2),LEFT(E54,2))) -> 45842 | G54: 86 | H54: 75 | I54: 79 | J54: =G54*Scoring_Weights!B$2+H54*Scoring_Weights!B$3+I54*Scoring_Weights!B$4 -> 78.65 | K54: 0.77 | L54: 0.75 | M54: =if(L54>1,L54/100,L54) -> 0.75 | N54: Company A | O54: =vlookup(N54,Interview_Slots!$A$1:$D$5,3,false) -> 65 | P54: =vlookup(N54,Interview_Slots!$A$1:$D$5,4,false) -> 75 | Q54: =IF(AND(J54>=O54,K54>=P54/100),"Eligible","Not Eligible") -> Eligible | R54: yes
A55: S057 | B55: Ishita Bhatia | C55: ECE | D55: =vlookup(C55,Dept_Lookup!A$1:B$17,2,false) -> Electronics | E55: 45887 | F55: =IFERROR(DATEVALUE(E55),DATE(RIGHT(E55,2)+2000,MID(E55,4,2),LEFT(E55,2))) -> 45887 | G55: 59 | H55: 87 | I55: 78 | J55: =G55*Scoring_Weights!B$2+H55*Scoring_Weights!B$3+I55*Scoring_Weights!B$4 -> 78.3 | K55: 0.9 | L55: 0.73 | M55: =if(L55>1,L55/100,L55) -> 0.73 | N55: Company A | O55: =vlookup(N55,Interview_Slots!$A$1:$D$5,3,false) -> 65 | P55: =vlookup(N55,Interview_Slots!$A$1:$D$5,4,false) -> 75 | Q55: =IF(AND(J55>=O55,K55>=P55/100),"Eligible","Not Eligible") -> Eligible | R55: yes
A56: S276 | B56: Tanushree Kulkarni | C56: Civil Engg | D56: =vlookup(C56,Dept_Lookup!A$1:B$17,2,false) -> Civil | E56: 45887 | F56: =IFERROR(DATEVALUE(E56),DATE(RIGHT(E56,2)+2000,MID(E56,4,2),LEFT(E56,2))) -> 45887 | G56: 67 | H56: 63 | I56: 92 | J56: =G56*Scoring_Weights!B$2+H56*Scoring_Weights!B$3+I56*Scoring_Weights!B$4 -> 78.1 | K56: 0.88 | L56: 0.79 | M56: =if(L56>1,L56/100,L56) -> 0.79 | N56: Company A | O56: =vlookup(N56,Interview_Slots!$A$1:$D$5,3,false) -> 65 | P56: =vlookup(N56,Interview_Slots!$A$1:$D$5,4,false) -> 75 | Q56: =IF(AND(J56>=O56,K56>=P56/100),"Eligible","Not Eligible") -> Eligible | R56: yes
A57: S308 | B57: Kunal Bhatia | C57: Mech | D57: =vlookup(C57,Dept_Lookup!A$1:B$17,2,false) -> Mechanical | E57: 45865 | F57: =IFERROR(DATEVALUE(E57),DATE(RIGHT(E57,2)+2000,MID(E57,4,2),LEFT(E57,2))) -> 45865 | G57: 66 | H57: 76 | I57: 83 | J57: =G57*Scoring_Weights!B$2+H57*Scoring_Weights!B$3+I57*Scoring_Weights!B$4 -> 78 | K57: 0.75 | L57: 0.81 | M57: =if(L57>1,L57/100,L57) -> 0.81 | N57: Company A | O57: =vlookup(N57,Interview_Slots!$A$1:$D$5,3,false) -> 65 | P57: =vlookup(N57,Interview_Slots!$A$1:$D$5,4,false) -> 75 | Q57: =IF(AND(J57>=O57,K57>=P57/100),"Eligible","Not Eligible") -> Eligible | R57: yes
A58: S191 | B58: Saurabh Malhotra | C58: ME | D58: =vlookup(C58,Dept_Lookup!A$1:B$17,2,false) -> Mechanical | E58: 45882 | F58: =IFERROR(DATEVALUE(E58),DATE(RIGHT(E58,2)+2000,MID(E58,4,2),LEFT(E58,2))) -> 45882 | G58: 79 | H58: 65 | I58: 86 | J58: =G58*Scoring_Weights!B$2+H58*Scoring_Weights!B$3+I58*Scoring_Weights!B$4 -> 77.6 | K58: 0.9 | L58: 0.95 | M58: =if(L58>1,L58/100,L58) -> 0.95 | N58: Company A | O58: =vlookup(N58,Interview_Slots!$A$1:$D$5,3,false) -> 65 | P58: =vlookup(N58,Interview_Slots!$A$1:$D$5,4,false) -> 75 | Q58: =IF(AND(J58>=O58,K58>=P58/100),"Eligible","Not Eligible") -> Eligible | R58: yes
A59: S131 | B59: Manoj Rao | C59: ECE | D59: =vlookup(C59,Dept_Lookup!A$1:B$17,2,false) -> Electronics | E59: 45880 | F59: =IFERROR(DATEVALUE(E59),DATE(RIGHT(E59,2)+2000,MID(E59,4,2),LEFT(E59,2))) -> 45880 | G59: 95 | H59: 68 | I59: 79 | J59: =G59*Scoring_Weights!B$2+H59*Scoring_Weights!B$3+I59*Scoring_Weights!B$4 -> 77.55 | K59: 0.91 | L59: 0.96 | M59: =if(L59>1,L59/100,L59) -> 0.96 | N59: Company A | O59: =vlookup(N59,Interview_Slots!$A$1:$D$5,3,false) -> 65 | P59: =vlookup(N59,Interview_Slots!$A$1:$D$5,4,false) -> 75 | Q59: =IF(AND(J59>=O59,K59>=P59/100),"Eligible","Not Eligible") -> Eligible | R59: yes
A60: S084 | B60: Aarohi Jain | C60: CIV | D60: =vlookup(C60,Dept_Lookup!A$1:B$17,2,false) -> Civil | E60: 45866 | F60: =IFERROR(DATEVALUE(E60),DATE(RIGHT(E60,2)+2000,MID(E60,4,2),LEFT(E60,2))) -> 45866 | G60: 83 | H60: 57 | I60: 90 | J60: =G60*Scoring_Weights!B$2+H60*Scoring_Weights!B$3+I60*Scoring_Weights!B$4 -> 77.4 | K60: 0.61 | L60: 0.73 | M60: =if(L60>1,L60/100,L60) -> 0.73 | N60: Company A | O60: =vlookup(N60,Interview_Slots!$A$1:$D$5,3,false) -> 65 | P60: =vlookup(N60,Interview_Slots!$A$1:$D$5,4,false) -> 75 | Q60: =IF(AND(J60>=O60,K60>=P60/100),"Eligible","Not Eligible") -> Not Eligible
A61: S406 | B61: Amrita Malhotra | C61: Electro | D61: =vlookup(C61,Dept_Lookup!A$1:B$17,2,false) -> Electronics | E61: 45882 | F61: =IFERROR(DATEVALUE(E61),DATE(RIGHT(E61,2)+2000,MID(E61,4,2),LEFT(E61,2))) -> 45882 | G61: 55 | H61: 65 | I61: 92 | J61: =G61*Scoring_Weights!B$2+H61*Scoring_Weights!B$3+I61*Scoring_Weights!B$4 -> 77 | K61: 0.91 | L61: 0.78 | M61: =if(L61>1,L61/100,L61) -> 0.78 | N61: Company A | O61: =vlookup(N61,Interview_Slots!$A$1:$D$5,3,false) -> 65 | P61: =vlookup(N61,Interview_Slots!$A$1:$D$5,4,false) -> 75 | Q61: =IF(AND(J61>=O61,K61>=P61/100),"Eligible","Not Eligible") -> Eligible | R61: yes
A62: S414 | B62: Ayaan Sharma | C62: CE | D62: =vlookup(C62,Dept_Lookup!A$1:B$17,2,false) -> Civil | E62: 45877 | F62: =IFERROR(DATEVALUE(E62),DATE(RIGHT(E62,2)+2000,MID(E62,4,2),LEFT(E62,2))) -> 45877 | G62: 87 | H62: 71 | I62: 77 | J62: =G62*Scoring_Weights!B$2+H62*Scoring_Weights!B$3+I62*Scoring_Weights!B$4 -> 76.4 | K62: 0.89 | L62: 0.77 | M62: =if(L62>1,L62/100,L62) -> 0.77 | N62: Company A | O62: =vlookup(N62,Interview_Slots!$A$1:$D$5,3,false) -> 65 | P62: =vlookup(N62,Interview_Slots!$A$1:$D$5,4,false) -> 75 | Q62: =IF(AND(J62>=O62,K62>=P62/100),"Eligible","Not Eligible") -> Eligible | R62: yes
A63: S407 | B63: Rajat Sharma | C63: ELEC | D63: =vlookup(C63,Dept_Lookup!A$1:B$17,2,false) -> Electronics | E63: 45876 | F63: =IFERROR(DATEVALUE(E63),DATE(RIGHT(E63,2)+2000,MID(E63,4,2),LEFT(E63,2))) -> 45876 | G63: 83 | H63: 81 | I63: 71 | J63: =G63*Scoring_Weights!B$2+H63*Scoring_Weights!B$3+I63*Scoring_Weights!B$4 -> 76.3 | K63: 0.81 | L63: 0.99 | M63: =if(L63>1,L63/100,L63) -> 0.99 | N63: Company A | O63: =vlookup(N63,Interview_Slots!$A$1:$D$5,3,false) -> 65 | P63: =vlookup(N63,Interview_Slots!$A$1:$D$5,4,false) -> 75 | Q63: =IF(AND(J63>=O63,K63>=P63/100),"Eligible","Not Eligible") -> Eligible | R63: yes
A64: S452 | B64: Sana Khan | C64: Mechanical | D64: =vlookup(C64,Dept_Lookup!A$1:B$17,2,false) -> Mechanical | E64: 45913 | F64: =IFERROR(DATEVALUE(E64),DATE(RIGHT(E64,2)+2000,MID(E64,4,2),LEFT(E64,2))) -> 45913 | G64: 78 | H64: 92 | I64: 64 | J64: =G64*Scoring_Weights!B$2+H64*Scoring_Weights!B$3+I64*Scoring_Weights!B$4 -> 75.9 | K64: 0.93 | L64: 0.95 | M64: =if(L64>1,L64/100,L64) -> 0.95 | N64: Company A | O64: =vlookup(N64,Interview_Slots!$A$1:$D$5,3,false) -> 65 | P64: =vlookup(N64,Interview_Slots!$A$1:$D$5,4,false) -> 75 | Q64: =IF(AND(J64>=O64,K64>=P64/100),"Eligible","Not Eligible") -> Eligible | R64: no
A65: S289 | B65: Anusha Verma | C65: Mechanical | D65: =vlookup(C65,Dept_Lookup!A$1:B$17,2,false) -> Mechanical | E65: 45872 | F65: =IFERROR(DATEVALUE(E65),DATE(RIGHT(E65,2)+2000,MID(E65,4,2),LEFT(E65,2))) -> 45872 | G65: 71 | H65: 89 | I65: 68 | J65: =G65*Scoring_Weights!B$2+H65*Scoring_Weights!B$3+I65*Scoring_Weights!B$4 -> 75.8 | K65: 0.84 | L65: 0.92 | M65: =if(L65>1,L65/100,L65) -> 0.92 | N65: Company A | O65: =vlookup(N65,Interview_Slots!$A$1:$D$5,3,false) -> 65 | P65: =vlookup(N65,Interview_Slots!$A$1:$D$5,4,false) -> 75 | Q65: =IF(AND(J65>=O65,K65>=P65/100),"Eligible","Not Eligible") -> Eligible | R65: no
A66: S432 | B66: Harshad Choudhury | C66: Civil Engg | D66: =vlookup(C66,Dept_Lookup!A$1:B$17,2,false) -> Civil | E66: 45865 | F66: =IFERROR(DATEVALUE(E66),DATE(RIGHT(E66,2)+2000,MID(E66,4,2),LEFT(E66,2))) -> 45865 | G66: 91 | H66: 64 | I66: 79 | J66: =G66*Scoring_Weights!B$2+H66*Scoring_Weights!B$3+I66*Scoring_Weights!B$4 -> 75.55 | K66: 0.92 | L66: 0.81 | M66: =if(L66>1,L66/100,L66) -> 0.81 | N66: Company A | O66: =vlookup(N66,Interview_Slots!$A$1:$D$5,3,false) -> 65 | P66: =vlookup(N66,Interview_Slots!$A$1:$D$5,4,false) -> 75 | Q66: =IF(AND(J66>=O66,K66>=P66/100),"Eligible","Not Eligible") -> Eligible | R66: no
A67: S232 | B67: Savita Nair | C67: CS | D67: =vlookup(C67,Dept_Lookup!A$1:B$17,2,false) -> Computer Science | E67: 45877 | F67: =IFERROR(DATEVALUE(E67),DATE(RIGHT(E67,2)+2000,MID(E67,4,2),LEFT(E67,2))) -> 45877 | G67: 73 | H67: 86 | I67: 69 | J67: =G67*Scoring_Weights!B$2+H67*Scoring_Weights!B$3+I67*Scoring_Weights!B$4 -> 75.55 | K67: 0.84 | L67: 0.86 | M67: =if(L67>1,L67/100,L67) -> 0.86 | N67: Company A | O67: =vlookup(N67,Interview_Slots!$A$1:$D$5,3,false) -> 65 | P67: =vlookup(N67,Interview_Slots!$A$1:$D$5,4,false) -> 75 | Q67: =IF(AND(J67>=O67,K67>=P67/100),"Eligible","Not Eligible") -> Eligible | R67: no
A68: S119 | B68: Siddhant Reddy | C68: Electronics | D68: =vlookup(C68,Dept_Lookup!A$1:B$17,2,false) -> Electronics | E68: 45866 | F68: =IFERROR(DATEVALUE(E68),DATE(RIGHT(E68,2)+2000,MID(E68,4,2),LEFT(E68,2))) -> 45866 | G68: 58 | H68: 68 | I68: 85 | J68: =G68*Scoring_Weights!B$2+H68*Scoring_Weights!B$3+I68*Scoring_Weights!B$4 -> 75 | K68: 0.82 | L68: 0.78 | M68: =if(L68>1,L68/100,L68) -> 0.78 | N68: Company A | O68: =vlookup(N68,Interview_Slots!$A$1:$D$5,3,false) -> 65 | P68: =vlookup(N68,Interview_Slots!$A$1:$D$5,4,false) -> 75 | Q68: =IF(AND(J68>=O68,K68>=P68/100),"Eligible","Not Eligible") -> Eligible | R68: no
A69: S085 | B69: Amisha Patel | C69: Mech | D69: =vlookup(C69,Dept_Lookup!A$1:B$17,2,false) -> Mechanical | E69: 45900 | F69: =IFERROR(DATEVALUE(E69),DATE(RIGHT(E69,2)+2000,MID(E69,4,2),LEFT(E69,2))) -> 45900 | G69: 92 | H69: 57 | I69: 82 | J69: =G69*Scoring_Weights!B$2+H69*Scoring_Weights!B$3+I69*Scoring_Weights!B$4 -> 74.75 | K69: 0.91 | L69: 0.99 | M69: =if(L69>1,L69/100,L69) -> 0.99 | N69: Company A | O69: =vlookup(N69,Interview_Slots!$A$1:$D$5,3,false) -> 65 | P69: =vlookup(N69,Interview_Slots!$A$1:$D$5,4,false) -> 75 | Q69: =IF(AND(J69>=O69,K69>=P69/100),"Eligible","Not Eligible") -> Eligible | R69: no
A70: S434 | B70: Humaira Khan | C70: Electronics | D70: =vlookup(C70,Dept_Lookup!A$1:B$17,2,false) -> Electronics | E70: 45870 | F70: =IFERROR(DATEVALUE(E70),DATE(RIGHT(E70,2)+2000,MID(E70,4,2),LEFT(E70,2))) -> 45870 | G70: 59 | H70: 61 | I70: 89 | J70: =G70*Scoring_Weights!B$2+H70*Scoring_Weights!B$3+I70*Scoring_Weights!B$4 -> 74.7 | K70: 0.83 | L70: 0.81 | M70: =if(L70>1,L70/100,L70) -> 0.81 | N70: Company A | O70: =vlookup(N70,Interview_Slots!$A$1:$D$5,3,false) -> 65 | P70: =vlookup(N70,Interview_Slots!$A$1:$D$5,4,false) -> 75 | Q70: =IF(AND(J70>=O70,K70>=P70/100),"Eligible","Not Eligible") -> Eligible | R70: no
A71: S360 | B71: Geeta Singh | C71: Mechanical Engg | D71: =vlookup(C71,Dept_Lookup!A$1:B$17,2,false) -> Mechanical | E71: 45877 | F71: =IFERROR(DATEVALUE(E71),DATE(RIGHT(E71,2)+2000,MID(E71,4,2),LEFT(E71,2))) -> 45877 | G71: 84 | H71: 81 | I71: 67 | J71: =G71*Scoring_Weights!B$2+H71*Scoring_Weights!B$3+I71*Scoring_Weights!B$4 -> 74.45 | K71: 0.91 | L71: 0.85 | M71: =if(L71>1,L71/100,L71) -> 0.85 | N71: Company A | O71: =vlookup(N71,Interview_Slots!$A$1:$D$5,3,false) -> 65 | P71: =vlookup(N71,Interview_Slots!$A$1:$D$5,4,false) -> 75 | Q71: =IF(AND(J71>=O71,K71>=P71/100),"Eligible","Not Eligible") -> Eligible | R71: no
A72: S145 | B72: Nirmala Singh | C72: CE | D72: =vlookup(C72,Dept_Lookup!A$1:B$17,2,false) -> Civil | E72: 45900 | F72: =IFERROR(DATEVALUE(E72),DATE(RIGHT(E72,2)+2000,MID(E72,4,2),LEFT(E72,2))) -> 45900 | G72: 88 | H72: 73 | I72: 71 | J72: =G72*Scoring_Weights!B$2+H72*Scoring_Weights!B$3+I72*Scoring_Weights!B$4 -> 74.25 | K72: 0.93 | L72: 0.98 | M72: =if(L72>1,L72/100,L72) -> 0.98 | N72: Company A | O72: =vlookup(N72,Interview_Slots!$A$1:$D$5,3,false) -> 65 | P72: =vlookup(N72,Interview_Slots!$A$1:$D$5,4,false) -> 75 | Q72: =IF(AND(J72>=O72,K72>=P72/100),"Eligible","Not Eligible") -> Eligible | R72: no
... A115: S166 | B115: Arya Mehta | C115: CSE | D115: =vlookup(C115,Dept_Lookup!A$1:B$17,2,false) -> Computer Science | E115: 45878 | F115: =IFERROR(DATEVALUE(E115),DATE(RIGHT(E115,2)+2000,MID(E115,4,2),LEFT(E115,2))) -> 45878 | G115: 96 | H115: 64 | I115: 59 | J115: =G115*Scoring_Weights!B$2+H115*Scoring_Weights!B$3+I115*Scoring_Weights!B$4 -> 66.3 | K115: 0.86 | L115: 0.77 | M115: =if(L115>1,L115/100,L115) -> 0.77 | N115: Company A | O115: =vlookup(N115,Interview_Slots!$A$1:$D$5,3,false) -> 65 | P115: =vlookup(N115,Interview_Slots!$A$1:$D$5,4,false) -> 75 | Q115: =IF(AND(J115>=O115,K115>=P115/100),"Eligible","Not Eligible") -> Eligible | R115: no
A116: S321 | B116: Anmol Gupta | C116: Civil Engg | D116: =vlookup(C116,Dept_Lookup!A$1:B$17,2,false) -> Civil | E116: 45877 | F116: =IFERROR(DATEVALUE(E116),DATE(RIGHT(E116,2)+2000,MID(E116,4,2),LEFT(E116,2))) -> 45877 | G116: 77 | H116: 74 | I116: 55 | J116: =G116*Scoring_Weights!B$2+H116*Scoring_Weights!B$3+I116*Scoring_Weights!B$4 -> 64.95 | K116: 0.87 | L116: 0.92 | M116: =if(L116>1,L116/100,L116) -> 0.92 | N116: Company A | O116: =vlookup(N116,Interview_Slots!$A$1:$D$5,3,false) -> 65 | P116: =vlookup(N116,Interview_Slots!$A$1:$D$5,4,false) -> 75 | Q116: =IF(AND(J116>=O116,K116>=P116/100),"Eligible","Not Eligible") -> Not Eligible
A117: S197 | B117: Devika Verma | C117: CS | D117: =vlookup(C117,Dept_Lookup!A$1:B$17,2,false) -> Computer Science | E117: 45842 | F117: =IFERROR(DATEVALUE(E117),DATE(RIGHT(E117,2)+2000,MID(E117,4,2),LEFT(E117,2))) -> 45842 | G117: 57 | H117: 58 | I117: 66 | J117: =G117*Scoring_Weights!B$2+H117*Scoring_Weights!B$3+I117*Scoring_Weights!B$4 -> 61.85 | K117: 0.79 | L117: 0.76 | M117: =if(L117>1,L117/100,L117) -> 0.76 | N117: Company A | O117: =vlookup(N117,Interview_Slots!$A$1:$D$5,3,false) -> 65 | P117: =vlookup(N117,Interview_Slots!$A$1:$D$5,4,false) -> 75 | Q117: =IF(AND(J117>=O117,K117>=P117/100),"Eligible","Not Eligible") -> Not Eligible
A118: S155 | B118: Chhaya Bhatia | C118: ME | D118: =vlookup(C118,Dept_Lookup!A$1:B$17,2,false) -> Mechanical | E118: 45865 | F118: =IFERROR(DATEVALUE(E118),DATE(RIGHT(E118,2)+2000,MID(E118,4,2),LEFT(E118,2))) -> 45865 | G118: 78 | H118: 58 | I118: 59 | J118: =G118*Scoring_Weights!B$2+H118*Scoring_Weights!B$3+I118*Scoring_Weights!B$4 -> 61.5 | K118: 0.81 | L118: 0.92 | M118: =if(L118>1,L118/100,L118) -> 0.92 | N118: Company A | O118: =vlookup(N118,Interview_Slots!$A$1:$D$5,3,false) -> 65 | P118: =vlookup(N118,Interview_Slots!$A$1:$D$5,4,false) -> 75 | Q118: =IF(AND(J118>=O118,K118>=P118/100),"Eligible","Not Eligible") -> Not Eligible
A119: S138 | B119: Omprakash Nair | C119: ME | D119: =vlookup(C119,Dept_Lookup!A$1:B$17,2,false) -> Mechanical | E119: 45902 | F119: =IFERROR(DATEVALUE(E119),DATE(RIGHT(E119,2)+2000,MID(E119,4,2),LEFT(E119,2))) -> 45902 | G119: 87 | H119: 92 | I119: 98 | J119: =G119*Scoring_Weights!B$2+H119*Scoring_Weights!B$3+I119*Scoring_Weights!B$4 -> 94.25 | K119: 0.82 | L119: 0.77 | M119: =if(L119>1,L119/100,L119) -> 0.77 | N119: Company B | O119: =vlookup(N119,Interview_Slots!$A$1:$D$5,3,false) -> 70 | P119: =vlookup(N119,Interview_Slots!$A$1:$D$5,4,false) -> 80 | Q119: =IF(AND(J119>=O119,K119>=P119/100),"Eligible","Not Eligible") -> Eligible | R119: yes
A120: S372 | B120: Jaya Das | C120: CS | D120: =vlookup(C120,Dept_Lookup!A$1:B$17,2,false) -> Computer Science | E120: 45868 | F120: =IFERROR(DATEVALUE(E120),DATE(RIGHT(E120,2)+2000,MID(E120,4,2),LEFT(E120,2))) -> 45868 | G120: 77 | H120: 93 | I120: 99 | J120: =G120*Scoring_Weights!B$2+H120*Scoring_Weights!B$3+I120*Scoring_Weights!B$4 -> 93.6 | K120: 0.94 | L120: 0.78 | M120: =if(L120>1,L120/100,L120) -> 0.78 | N120: Company B | O120: =vlookup(N120,Interview_Slots!$A$1:$D$5,3,false) -> 70 | P120: =vlookup(N120,Interview_Slots!$A$1:$D$5,4,false) -> 80 | Q120: =IF(AND(J120>=O120,K120>=P120/100),"Eligible","Not Eligible") -> Eligible | R120: yes
A121: S161 | B121: Geeta Singh | C121: Mechanical Engg | D121: =vlookup(C121,Dept_Lookup!A$1:B$17,2,false) -> Mechanical | E121: 45880 | F121: =IFERROR(DATEVALUE(E121),DATE(RIGHT(E121,2)+2000,MID(E121,4,2),LEFT(E121,2))) -> 45880 | G121: 78 | H121: 99 | I121: 93 | J121: =G121*Scoring_Weights!B$2+H121*Scoring_Weights!B$3+I121*Scoring_Weights!B$4 -> 92.85 | K121: 0.78 | L121: 0.82 | M121: =if(L121>1,L121/100,L121) -> 0.82 | N121: Company B | O121: =vlookup(N121,Interview_Slots!$A$1:$D$5,3,false) -> 70 | P121: =vlookup(N121,Interview_Slots!$A$1:$D$5,4,false) -> 80 | Q121: =IF(AND(J121>=O121,K121>=P121/100),"Eligible","Not Eligible") -> Not Eligible
A122: S164 | B122: Lokesh Joshi | C122: Mechanical Engg | D122: =vlookup(C122,Dept_Lookup!A$1:B$17,2,false) -> Mechanical | E122: 45878 | F122: =IFERROR(DATEVALUE(E122),DATE(RIGHT(E122,2)+2000,MID(E122,4,2),LEFT(E122,2))) -> 45878 | G122: 96 | H122: 88 | I122: 92 | J122: =G122*Scoring_Weights!B$2+H122*Scoring_Weights!B$3+I122*Scoring_Weights!B$4 -> 91.2 | K122: 0.75 | L122: 0.8 | M122: =if(L122>1,L122/100,L122) -> 0.8 | N122: Company B | O122: =vlookup(N122,Interview_Slots!$A$1:$D$5,3,false) -> 70 | P122: =vlookup(N122,Interview_Slots!$A$1:$D$5,4,false) -> 80 | Q122: =IF(AND(J122>=O122,K122>=P122/100),"Eligible","Not Eligible") -> Not Eligible
A123: S018 | B123: Sahil Bhatia | C123: Electro | D123: =vlookup(C123,Dept_Lookup!A$1:B$17,2,false) -> Electronics | E123: 45870 | F123: =IFERROR(DATEVALUE(E123),DATE(RIGHT(E123,2)+2000,MID(E123,4,2),LEFT(E123,2))) -> 45870 | G123: 93 | H123: 83 | I123: 96 | J123: =G123*Scoring_Weights!B$2+H123*Scoring_Weights!B$3+I123*Scoring_Weights!B$4 -> 91 | K123: 0.92 | L123: 1 | M123: =if(L123>1,L123/100,L123) -> 1 | N123: Company B | O123: =vlookup(N123,Interview_Slots!$A$1:$D$5,3,false) -> 70 | P123: =vlookup(N123,Interview_Slots!$A$1:$D$5,4,false) -> 80 | Q123: =IF(AND(J123>=O123,K123>=P123/100),"Eligible","Not Eligible") -> Eligible | R123: yes
A124: S091 | B124: Snehal Menon | C124: Mechanical Engg | D124: =vlookup(C124,Dept_Lookup!A$1:B$17,2,false) -> Mechanical | E124: 45903 | F124: =IFERROR(DATEVALUE(E124),DATE(RIGHT(E124,2)+2000,MID(E124,4,2),LEFT(E124,2))) -> 45903 | G124: 92 | H124: 83 | I124: 96 | J124: =G124*Scoring_Weights!B$2+H124*Scoring_Weights!B$3+I124*Scoring_Weights!B$4 -> 90.85 | K124: 0.82 | L124: 0.79 | M124: =if(L124>1,L124/100,L124) -> 0.79 | N124: Company B | O124: =vlookup(N124,Interview_Slots!$A$1:$D$5,3,false) -> 70 | P124: =vlookup(N124,Interview_Slots!$A$1:$D$5,4,false) -> 80 | Q124: =IF(AND(J124>=O124,K124>=P124/100),"Eligible","Not Eligible") -> Eligible | R124: yes
A125: S353 | B125: Balram Iyer | C125: CE | D125: =vlookup(C125,Dept_Lookup!A$1:B$17,2,false) -> Civil | E125: 45865 | F125: =IFERROR(DATEVALUE(E125),DATE(RIGHT(E125,2)+2000,MID(E125,4,2),LEFT(E125,2))) -> 45865 | G125: 76 | H125: 98 | I125: 90 | J125: =G125*Scoring_Weights!B$2+H125*Scoring_Weights!B$3+I125*Scoring_Weights!B$4 -> 90.7 | K125: 0.92 | L125: 0.95 | M125: =if(L125>1,L125/100,L125) -> 0.95 | N125: Company B | O125: =vlookup(N125,Interview_Slots!$A$1:$D$5,3,false) -> 70 | P125: =vlookup(N125,Interview_Slots!$A$1:$D$5,4,false) -> 80 | Q125: =IF(AND(J125>=O125,K125>=P125/100),"Eligible","Not Eligible") -> Eligible | R125: yes
A126: S101 | B126: Sarita Das | C126: ECE | D126: =vlookup(C126,Dept_Lookup!A$1:B$17,2,false) -> Electronics | E126: 45879 | F126: =IFERROR(DATEVALUE(E126),DATE(RIGHT(E126,2)+2000,MID(E126,4,2),LEFT(E126,2))) -> 45879 | G126: 87 | H126: 96 | I126: 88 | J126: =G126*Scoring_Weights!B$2+H126*Scoring_Weights!B$3+I126*Scoring_Weights!B$4 -> 90.65 | K126: 0.91 | L126: 0.76 | M126: =if(L126>1,L126/100,L126) -> 0.76 | N126: Company B | O126: =vlookup(N126,Interview_Slots!$A$1:$D$5,3,false) -> 70 | P126: =vlookup(N126,Interview_Slots!$A$1:$D$5,4,false) -> 80 | Q126: =IF(AND(J126>=O126,K126>=P126/100),"Eligible","Not Eligible") -> Eligible | R126: yes
A127: S168 | B127: Kunal Das | C127: Civil | D127: =vlookup(C127,Dept_Lookup!A$1:B$17,2,false) -> Civil | E127: 45845 | F127: =IFERROR(DATEVALUE(E127),DATE(RIGHT(E127,2)+2000,MID(E127,4,2),LEFT(E127,2))) -> 45845 | G127: 78 | H127: 82 | I127: 100 | J127: =G127*Scoring_Weights!B$2+H127*Scoring_Weights!B$3+I127*Scoring_Weights!B$4 -> 90.4 | K127: 0.78 | L127: 0.81 | M127: =if(L127>1,L127/100,L127) -> 0.81 | N127: Company B | O127: =vlookup(N127,Interview_Slots!$A$1:$D$5,3,false) -> 70 | P127: =vlookup(N127,Interview_Slots!$A$1:$D$5,4,false) -> 80 | Q127: =IF(AND(J127>=O127,K127>=P127/100),"Eligible","Not Eligible") -> Not Eligible
A128: S031 | B128: Naveen Menon | C128: Civil Engg | D128: =vlookup(C128,Dept_Lookup!A$1:B$17,2,false) -> Civil | E128: 45865 | F128: =IFERROR(DATEVALUE(E128),DATE(RIGHT(E128,2)+2000,MID(E128,4,2),LEFT(E128,2))) -> 45865 | G128: 95 | H128: 79 | I128: 95 | J128: =G128*Scoring_Weights!B$2+H128*Scoring_Weights!B$3+I128*Scoring_Weights!B$4 -> 89.4 | K128: 0.8 | L128: 0.79 | M128: =if(L128>1,L128/100,L128) -> 0.79 | N128: Company B | O128: =vlookup(N128,Interview_Slots!$A$1:$D$5,3,false) -> 70 | P128: =vlookup(N128,Interview_Slots!$A$1:$D$5,4,false) -> 80 | Q128: =IF(AND(J128>=O128,K128>=P128/100),"Eligible","Not Eligible") -> Eligible | R128: yes
A129: S273 | B129: Nalini Malhotra | C129: CIV | D129: =vlookup(C129,Dept_Lookup!A$1:B$17,2,false) -> Civil | E129: 45863 | F129: =IFERROR(DATEVALUE(E129),DATE(RIGHT(E129,2)+2000,MID(E129,4,2),LEFT(E129,2))) -> 45863 | G129: 97 | H129: 88 | I129: 87 | J129: =G129*Scoring_Weights!B$2+H129*Scoring_Weights!B$3+I129*Scoring_Weights!B$4 -> 88.85 | K129: 0.81 | L129: 0.81 | M129: =if(L129>1,L129/100,L129) -> 0.81 | N129: Company B | O129: =vlookup(N129,Interview_Slots!$A$1:$D$5,3,false) -> 70 | P129: =vlookup(N129,Interview_Slots!$A$1:$D$5,4,false) -> 80 | Q129: =IF(AND(J129>=O129,K129>=P129/100),"Eligible","Not Eligible") -> Eligible | R129: yes
A130: S336 | B130: Subhash Kulkarni | C130: Comp Sci | D130: =vlookup(C130,Dept_Lookup!A$1:B$17,2,false) -> Computer Science | E130: 45865 | F130: =IFERROR(DATEVALUE(E130),DATE(RIGHT(E130,2)+2000,MID(E130,4,2),LEFT(E130,2))) -> 45865 | G130: 88 | H130: 97 | I130: 83 | J130: =G130*Scoring_Weights!B$2+H130*Scoring_Weights!B$3+I130*Scoring_Weights!B$4 -> 88.65 | K130: 0.94 | L130: 0.98 | M130: =if(L130>1,L130/100,L130) -> 0.98 | N130: Company B | O130: =vlookup(N130,Interview_Slots!$A$1:$D$5,3,false) -> 70 | P130: =vlookup(N130,Interview_Slots!$A$1:$D$5,4,false) -> 80 | Q130: =IF(AND(J130>=O130,K130>=P130/100),"Eligible","Not Eligible") -> Eligible | R130: yes
A131: S171 | B131: Madhavi Sharma | C131: Mechanical Engg | D131: =vlookup(C131,Dept_Lookup!A$1:B$17,2,false) -> Mechanical | E131: 45865 | F131: =IFERROR(DATEVALUE(E131),DATE(RIGHT(E131,2)+2000,MID(E131,4,2),LEFT(E131,2))) -> 45865 | G131: 95 | H131: 78 | I131: 94 | J131: =G131*Scoring_Weights!B$2+H131*Scoring_Weights!B$3+I131*Scoring_Weights!B$4 -> 88.55 | K131: 0.76 | L131: 0.84 | M131: =if(L131>1,L131/100,L131) -> 0.84 | N131: Company B | O131: =vlookup(N131,Interview_Slots!$A$1:$D$5,3,false) -> 70 | P131: =vlookup(N131,Interview_Slots!$A$1:$D$5,4,false) -> 80 | Q131: =IF(AND(J131>=O131,K131>=P131/100),"Eligible","Not Eligible") -> Not Eligible
A132: S412 | B132: Karthikeyan Iyer | C132: Mechanical Engg | D132: =vlookup(C132,Dept_Lookup!A$1:B$17,2,false) -> Mechanical | E132: 45878 | F132: =IFERROR(DATEVALUE(E132),DATE(RIGHT(E132,2)+2000,MID(E132,4,2),LEFT(E132,2))) -> 45878 | G132: 94 | H132: 78 | I132: 94 | J132: =G132*Scoring_Weights!B$2+H132*Scoring_Weights!B$3+I132*Scoring_Weights!B$4 -> 88.4 | K132: 0.82 | L132: 0.79 | M132: =if(L132>1,L132/100,L132) -> 0.79 | N132: Company B | O132: =vlookup(N132,Interview_Slots!$A$1:$D$5,3,false) -> 70 | P132: =vlookup(N132,Interview_Slots!$A$1:$D$5,4,false) -> 80 | Q132: =IF(AND(J132>=O132,K132>=P132/100),"Eligible","Not Eligible") -> Eligible | R132: yes
A133: S128 | B133: Dheeraj Kulkarni | C133: CIV | D133: =vlookup(C133,Dept_Lookup!A$1:B$17,2,false) -> Civil | E133: 45860 | F133: =IFERROR(DATEVALUE(E133),DATE(RIGHT(E133,2)+2000,MID(E133,4,2),LEFT(E133,2))) -> 45860 | G133: 68 | H133: 83 | I133: 98 | J133: =G133*Scoring_Weights!B$2+H133*Scoring_Weights!B$3+I133*Scoring_Weights!B$4 -> 88.25 | K133: 0.83 | L133: 0.9 | M133: =if(L133>1,L133/100,L133) -> 0.9 | N133: Company B | O133: =vlookup(N133,Interview_Slots!$A$1:$D$5,3,false) -> 70 | P133: =vlookup(N133,Interview_Slots!$A$1:$D$5,4,false) -> 80 | Q133: =IF(AND(J133>=O133,K133>=P133/100),"Eligible","Not Eligible") -> Eligible | R133: yes
A134: S263 | B134: Gitanjali Bhatia | C134: CSE | D134: =vlookup(C134,Dept_Lookup!A$1:B$17,2,false) -> Computer Science | E134: 45880 | F134: =IFERROR(DATEVALUE(E134),DATE(RIGHT(E134,2)+2000,MID(E134,4,2),LEFT(E134,2))) -> 45880 | G134: 87 | H134: 79 | I134: 94 | J134: =G134*Scoring_Weights!B$2+H134*Scoring_Weights!B$3+I134*Scoring_Weights!B$4 -> 87.7 | K134: 0.79 | L134: 0.75 | M134: =if(L134>1,L134/100,L134) -> 0.75 | N134: Company B | O134: =vlookup(N134,Interview_Slots!$A$1:$D$5,3,false) -> 70 | P134: =vlookup(N134,Interview_Slots!$A$1:$D$5,4,false) -> 80 | Q134: =IF(AND(J134>=O134,K134>=P134/100),"Eligible","Not Eligible") -> Not Eligible
A135: S076 | B135: Kavitha Joshi | C135: Mechanical | D135: =vlookup(C135,Dept_Lookup!A$1:B$17,2,false) -> Mechanical | E135: 45866 | F135: =IFERROR(DATEVALUE(E135),DATE(RIGHT(E135,2)+2000,MID(E135,4,2),LEFT(E135,2))) -> 45866 | G135: 69 | H135: 98 | I135: 86 | J135: =G135*Scoring_Weights!B$2+H135*Scoring_Weights!B$3+I135*Scoring_Weights!B$4 -> 87.65 | K135: 0.93 | L135: 0.83 | M135: =if(L135>1,L135/100,L135) -> 0.83 | N135: Company B | O135: =vlookup(N135,Interview_Slots!$A$1:$D$5,3,false) -> 70 | P135: =vlookup(N135,Interview_Slots!$A$1:$D$5,4,false) -> 80 | Q135: =IF(AND(J135>=O135,K135>=P135/100),"Eligible","Not Eligible") -> Eligible | R135: yes
A136: S029 | B136: Aditya Choudhury | C136: Mechanical | D136: =vlookup(C136,Dept_Lookup!A$1:B$17,2,false) -> Mechanical | E136: 45865 | F136: =IFERROR(DATEVALUE(E136),DATE(RIGHT(E136,2)+2000,MID(E136,4,2),LEFT(E136,2))) -> 45865 | G136: 56 | H136: 85 | I136: 97 | J136: =G136*Scoring_Weights!B$2+H136*Scoring_Weights!B$3+I136*Scoring_Weights!B$4 -> 86.65 | K136: 0.83 | L136: 0.83 | M136: =if(L136>1,L136/100,L136) -> 0.83 | N136: Company B | O136: =vlookup(N136,Interview_Slots!$A$1:$D$5,3,false) -> 70 | P136: =vlookup(N136,Interview_Slots!$A$1:$D$5,4,false) -> 80 | Q136: =IF(AND(J136>=O136,K136>=P136/100),"Eligible","Not Eligible") -> Eligible | R136: yes
A137: S366 | B137: Ramesh Kapoor | C137: ME | D137: =vlookup(C137,Dept_Lookup!A$1:B$17,2,false) -> Mechanical | E137: 45900 | F137: =IFERROR(DATEVALUE(E137),DATE(RIGHT(E137,2)+2000,MID(E137,4,2),LEFT(E137,2))) -> 45900 | G137: 89 | H137: 79 | I137: 91 | J137: =G137*Scoring_Weights!B$2+H137*Scoring_Weights!B$3+I137*Scoring_Weights!B$4 -> 86.5 | K137: 0.8 | L137: 0.99 | M137: =if(L137>1,L137/100,L137) -> 0.99 | N137: Company B | O137: =vlookup(N137,Interview_Slots!$A$1:$D$5,3,false) -> 70 | P137: =vlookup(N137,Interview_Slots!$A$1:$D$5,4,false) -> 80 | Q137: =IF(AND(J137>=O137,K137>=P137/100),"Eligible","Not Eligible") -> Eligible | R137: yes
A138: S177 | B138: Sanjay Kapoor | C138: CIV | D138: =vlookup(C138,Dept_Lookup!A$1:B$17,2,false) -> Civil | E138: 45882 | F138: =IFERROR(DATEVALUE(E138),DATE(RIGHT(E138,2)+2000,MID(E138,4,2),LEFT(E138,2))) -> 45882 | G138: 87 | H138: 76 | I138: 93 | J138: =G138*Scoring_Weights!B$2+H138*Scoring_Weights!B$3+I138*Scoring_Weights!B$4 -> 86.15 | K138: 0.79 | L138: 0.76 | M138: =if(L138>1,L138/100,L138) -> 0.76 | N138: Company B | O138: =vlookup(N138,Interview_Slots!$A$1:$D$5,3,false) -> 70 | P138: =vlookup(N138,Interview_Slots!$A$1:$D$5,4,false) -> 80 | Q138: =IF(AND(J138>=O138,K138>=P138/100),"Eligible","Not Eligible") -> Not Eligible
A139: S314 | B139: Rukmini Kapoor | C139: Electro | D139: =vlookup(C139,Dept_Lookup!A$1:B$17,2,false) -> Electronics | E139: 45880 | F139: =IFERROR(DATEVALUE(E139),DATE(RIGHT(E139,2)+2000,MID(E139,4,2),LEFT(E139,2))) -> 45880 | G139: 90 | H139: 76 | I139: 92 | J139: =G139*Scoring_Weights!B$2+H139*Scoring_Weights!B$3+I139*Scoring_Weights!B$4 -> 86.1 | K139: 0.79 | L139: 0.99 | M139: =if(L139>1,L139/100,L139) -> 0.99 | N139: Company B | O139: =vlookup(N139,Interview_Slots!$A$1:$D$5,3,false) -> 70 | P139: =vlookup(N139,Interview_Slots!$A$1:$D$5,4,false) -> 80 | Q139: =IF(AND(J139>=O139,K139>=P139/100),"Eligible","Not Eligible") -> Not Eligible
A140: S180 | B140: Monica Gupta | C140: CS | D140: =vlookup(C140,Dept_Lookup!A$1:B$17,2,false) -> Computer Science | E140: 45865 | F140: =IFERROR(DATEVALUE(E140),DATE(RIGHT(E140,2)+2000,MID(E140,4,2),LEFT(E140,2))) -> 45865 | G140: 94 | H140: 67 | I140: 97 | J140: =G140*Scoring_Weights!B$2+H140*Scoring_Weights!B$3+I140*Scoring_Weights!B$4 -> 86.05 | K140: 0.88 | L140: 0.76 | M140: =if(L140>1,L140/100,L140) -> 0.76 | N140: Company B | O140: =vlookup(N140,Interview_Slots!$A$1:$D$5,3,false) -> 70 | P140: =vlookup(N140,Interview_Slots!$A$1:$D$5,4,false) -> 80 | Q140: =IF(AND(J140>=O140,K140>=P140/100),"Eligible","Not Eligible") -> Eligible | R140: yes
A141: S462 | B141: Anjana Nair | C141: Civil | D141: =vlookup(C141,Dept_Lookup!A$1:B$17,2,false) -> Civil | E141: 45870 | F141: =IFERROR(DATEVALUE(E141),DATE(RIGHT(E141,2)+2000,MID(E141,4,2),LEFT(E141,2))) -> 45870 | G141: 86 | H141: 77 | I141: 92 | J141: =G141*Scoring_Weights!B$2+H141*Scoring_Weights!B$3+I141*Scoring_Weights!B$4 -> 85.85 | K141: 0.82 | L141: 0.93 | M141: =if(L141>1,L141/100,L141) -> 0.93 | N141: Company B | O141: =vlookup(N141,Interview_Slots!$A$1:$D$5,3,false) -> 70 | P141: =vlookup(N141,Interview_Slots!$A$1:$D$5,4,false) -> 80 | Q141: =IF(AND(J141>=O141,K141>=P141/100),"Eligible","Not Eligible") -> Eligible | R141: yes
A142: S158 | B142: Charan Iyer | C142: CE | D142: =vlookup(C142,Dept_Lookup!A$1:B$17,2,false) -> Civil | E142: 45877 | F142: =IFERROR(DATEVALUE(E142),DATE(RIGHT(E142,2)+2000,MID(E142,4,2),LEFT(E142,2))) -> 45877 | G142: 66 | H142: 82 | I142: 93 | J142: =G142*Scoring_Weights!B$2+H142*Scoring_Weights!B$3+I142*Scoring_Weights!B$4 -> 85.1 | K142: 0.76 | L142: 0.81 | M142: =if(L142>1,L142/100,L142) -> 0.81 | N142: Company B | O142: =vlookup(N142,Interview_Slots!$A$1:$D$5,3,false) -> 70 | P142: =vlookup(N142,Interview_Slots!$A$1:$D$5,4,false) -> 80 | Q142: =IF(AND(J142>=O142,K142>=P142/100),"Eligible","Not Eligible") -> Not Eligible
A143: S210 | B143: Saira Banu | C143: CE | D143: =vlookup(C143,Dept_Lookup!A$1:B$17,2,false) -> Civil | E143: 45878 | F143: =IFERROR(DATEVALUE(E143),DATE(RIGHT(E143,2)+2000,MID(E143,4,2),LEFT(E143,2))) -> 45878 | G143: 88 | H143: 70 | I143: 94 | J143: =G143*Scoring_Weights!B$2+H143*Scoring_Weights!B$3+I143*Scoring_Weights!B$4 -> 84.7 | K143: 0.79 | L143: 0.78 | M143: =if(L143>1,L143/100,L143) -> 0.78 | N143: Company B | O143: =vlookup(N143,Interview_Slots!$A$1:$D$5,3,false) -> 70 | P143: =vlookup(N143,Interview_Slots!$A$1:$D$5,4,false) -> 80 | Q143: =IF(AND(J143>=O143,K143>=P143/100),"Eligible","Not Eligible") -> Not Eligible
A144: S178 | B144: Chetan Kapoor | C144: Mechanical Engg | D144: =vlookup(C144,Dept_Lookup!A$1:B$17,2,false) -> Mechanical | E144: 45903 | F144: =IFERROR(DATEVALUE(E144),DATE(RIGHT(E144,2)+2000,MID(E144,4,2),LEFT(E144,2))) -> 45903 | G144: 82 | H144: 99 | I144: 75 | J144: =G144*Scoring_Weights!B$2+H144*Scoring_Weights!B$3+I144*Scoring_Weights!B$4 -> 84.45 | K144: 0.79 | L144: 0.89 | M144: =if(L144>1,L144/100,L144) -> 0.89 | N144: Company B | O144: =vlookup(N144,Interview_Slots!$A$1:$D$5,3,false) -> 70 | P144: =vlookup(N144,Interview_Slots!$A$1:$D$5,4,false) -> 80 | Q144: =IF(AND(J144>=O144,K144>=P144/100),"Eligible","Not Eligible") -> Not Eligible
A145: S398 | B145: Shreya Sharma | C145: Mechanical | D145: =vlookup(C145,Dept_Lookup!A$1:B$17,2,false) -> Mechanical | E145: 45865 | F145: =IFERROR(DATEVALUE(E145),DATE(RIGHT(E145,2)+2000,MID(E145,4,2),LEFT(E145,2))) -> 45865 | G145: 93 | H145: 76 | I145: 87 | J145: =G145*Scoring_Weights!B$2+H145*Scoring_Weights!B$3+I145*Scoring_Weights!B$4 -> 84.05 | K145: 0.82 | L145: 0.94 | M145: =if(L145>1,L145/100,L145) -> 0.94 | N145: Company B | O145: =vlookup(N145,Interview_Slots!$A$1:$D$5,3,false) -> 70 | P145: =vlookup(N145,Interview_Slots!$A$1:$D$5,4,false) -> 80 | Q145: =IF(AND(J145>=O145,K145>=P145/100),"Eligible","Not Eligible") -> Eligible | R145: yes
...

Sheet Dept_Lookup
A1: Variant | B1: Standard_Department
A2: CSE | B2: Computer Science
A3: Comp Sci | B3: Computer Science
A4: CS | B4: Computer Science
A5: Computer Science | B5: Computer Science
A6: ECE | B6: Electronics
A7: Electro | B7: Electronics
A8: ELEC | B8: Electronics
A9: Electronics | B9: Electronics
A10: Mech | B10: Mechanical
A11: ME | B11: Mechanical
A12: Mechanical Engg | B12: Mechanical
... A17: Civil | B17: Civil

Sheet Interview_Slots
A1: Company | B1: Interview_Slots_Available | C1: Min_WeightedScore | D1: Min_Attendance_%
A2: Company A | B2: 60 | C2: 65 | D2: 75
A3: Company B | B3: 45 | C3: 70 | D3: 80
A4: Company C | B4: 80 | C4: 60 | D4: 70
A5: Company D | B5: 30 | C5: 75 | D5: 85

Sheet Scoring_Weights
A1: Test | B1: Weight
A2: Test_1 | B2: 0.15
A3: Test_2 | B3: 0.35
A4: Test_3 | B4: 0.5

Sheet Dashboard
I1: COUNTA of Name | J1: Allocation_Status
I2: Internship_Pref | J2: no | K2: yes | L2: Grand Total
I3: Company A | J3: 52 | K3: 60 | L3: 112
I4: Company B | J4: 27 | K4: 45 | L4: 72
I5: Company C | J5: 41 | K5: 80 | L5: 121
I6: Company D | J6: 17 | K6: 30 | L6: 47
I7: Grand Total | J7: 137 | K7: 215 | L7: 352
I44: COUNTA of Name | J44: Allocation_Status | R44: COUNTA of Name | S44: Eligibility
I45: Student_Department | J45: yes | K45: Grand Total | R45: Student_Department | S45: Eligible | T45: Not Eligible | U45: Grand Total
I46: Civil | J46: 52 | K46: 52 | R46: Civil | S46: 80 | T46: 36 | U46: 116
I47: Computer Science | J47: 53 | K47: 53 | R47: Computer Science | S47: 90 | T47: 35 | U47: 125
I48: Electronics | J48: 53 | K48: 53 | R48: Electronics | S48: 86 | T48: 43 | U48: 129
I49: Mechanical | J49: 57 | K49: 57 | R49: Mechanical | S49: 96 | T49: 44 | U49: 140
I50: Grand Total | J50: 215 | K50: 215 | R50: Grand Total | S50: 352 | T50: 158 | U50: 510
